{
    "camera_params": {
        "left": {
            "capture_offset": [
                304,
                32
            ],
            "dimensions": [
                1280,
                1024
            ],
            "distortion_coefficients": [
                -0.4707719683647156,
                5.551302433013916,
                0.0,
                0.0,
                0.0
            ],
            "framerate": 180.0,
            "gamma": 1.0,
            "gaze_shift": [
                0.0,
                0.0,
                0.0
            ],
            "glint_exposure": 2.0999999046325684,
            "intrinsic_matrix_opencv": [
                5867.91845703125,
                0.0,
                449.1881103515625,
                0.0,
                5880.31103515625,
                584.5613403320313,
                0.0,
                0.0,
                1.0
            ],
            "pixel_clock": 200.0,
            "pupil_exposure": 3.5,
            "region_of_interest": [
                872,
                858
            ],
            "serial_number": "4103589293"
        },
        "right": {
            "capture_offset": [
                500,
                0
            ],
            "dimensions": [
                1280,
                1024
            ],
            "distortion_coefficients": [
                -0.4707719683647156,
                5.551302433013916,
                0.0,
                0.0,
                0.0
            ],
            "framerate": 180.0,
            "gamma": 1.0,
            "gaze_shift": [
                0.0,
                0.0,
                0.0
            ],
            "glint_exposure": 0.9700000286102295,
            "intrinsic_matrix_opencv": [
                5867.91845703125,
                0.0,
                449.1881103515625,
                0.0,
                5880.31103515625,
                584.5613403320313,
                0.0,
                0.0,
                1.0
            ],
            "pixel_clock": 160.0,
            "pupil_exposure": 6.0,
            "region_of_interest": [
                560,
                400
            ],
            "serial_number": "4103176841"
        }
    },
    "detection_params": {
        "glint_bottom_hor_distance": [
            -5.0,
            5.0
        ],
        "glint_bottom_vert_distance": [
            35.0,
            55.0
        ],
        "glint_close_size": 0,
        "glint_dilate_size": 3,
        "glint_erode_size": 3,
        "glint_right_hor_distance": [
            10.0,
            20.0
        ],
        "glint_right_vert_distance": [
            -5.0,
            5.0
        ],
        "max_glint_radius": 5.0,
        "max_hor_glint_pupil_distance": 400.0,
        "max_pupil_radius": {
            "left": 100.0,
            "right": 90.0
        },
        "max_vert_glint_pupil_distance": 200.0,
        "min_glint_radius": 0.0,
        "min_pupil_radius": {
            "left": 50.0,
            "right": 10.0
        },
        "pupil_close_size": 0,
        "pupil_dilate_size": 0,
        "pupil_erode_size": 0,
        "pupil_search_centre": {
            "left": [
                443.0,
                433.0
            ],
            "right": [
                277.0,
                127.0
            ]
        },
        "pupil_search_radius": {
            "left": 446,
            "right": 286
        }
    },
    "eye_params": {
        "cornea_curvature_radius": 7.800000190734863,
        "cornea_refraction_index": 1.337499976158142,
        "eyeball_radius": 11.600000381469727,
        "pupil_cornea_distance": 4.199999809265137,
        "pupil_eye_centre_distance": 9.5
    },
    "features_params": {
        "default": {
            "alpha": -0.0872664600610733,
            "beta": 0.02617993950843811,
            "glint_threshold": {
                "left": 204,
                "right": 213
            },
            "pupil_threshold": {
                "left": 18,
                "right": 21
            }
        }
    },
    "led_positions": {
        "left": [
            [
                -53.6920166015625,
                -65.3182144165039,
                279.45159912109375
            ],
            [
                -34.21810531616211,
                -64.00312042236328,
                283.81475830078125
            ],
            [
                -14.74419116973877,
                -62.68803024291992,
                288.17791748046875
            ],
            [
                -58.12984085083008,
                -13.682007789611816,
                283.6951599121094
            ],
            [
                -38.65592956542969,
                -12.366914749145508,
                288.0583190917969
            ],
            [
                -19.182016372680664,
                -11.0518217086792,
                292.4215087890625
            ]
        ],
        "right": [
            [
                -53.6920166015625,
                -65.3182144165039,
                279.45159912109375
            ],
            [
                -34.21810531616211,
                -64.00312042236328,
                283.81475830078125
            ],
            [
                -14.74419116973877,
                -62.68803024291992,
                288.17791748046875
            ],
            [
                -58.12984085083008,
                -13.682007789611816,
                283.6951599121094
            ],
            [
                -38.65592956542969,
                -12.366914749145508,
                288.0583190917969
            ],
            [
                -19.182016372680664,
                -11.0518217086792,
                292.4215087890625
            ]
        ]
    }
}