{"camera_params":{"capture_offset":[400,0],"dimensions":[1280,1024],"distortion_coefficients":[-0.6064949035644531,10.6426362991333,0.0,0.0,0.0],"exposure":6.0,"framerate":170.0,"gamma":2.200000047683716,"intrinsic_matrix_opencv":[5381.88134765625,0.0,624.4337158203125,0.0,5410.89501953125,650.9483032226563,0.0,0.0,1.0],"name":"UI314xCP-M","region_of_interest":[560,400]},"eye_params":{"cornea_curvature_radius":7.800000190734863,"cornea_refraction_index":1.337499976158142,"eyeball_radius":11.600000381469727,"pupil_cornea_distance":4.199999809265137,"pupil_eye_centre_distance":9.5},"features_params":{"default":{"alpha":-0.08730000257492065,"beta":0.026200000196695328,"glint_bottom_hor_distance":[-5.0,5.0],"glint_bottom_vert_distance":[30.0,50.0],"glint_right_hor_distance":[10.0,20.0],"glint_right_vert_distance":[-5.0,5.0],"glint_threshold":151,"max_glint_radius":20.0,"max_hor_glint_pupil_distance":400.0,"max_pupil_radius":90.0,"max_vert_glint_pupil_distance":200.0,"min_glint_radius":0.0,"min_pupil_radius":20.0,"pupil_threshold":16},"mw861":{"alpha":-0.08730000257492065,"beta":0.026200000196695328,"glint_bottom_hor_distance":[-5.0,5.0],"glint_bottom_vert_distance":[30.0,50.0],"glint_right_hor_distance":[10.0,20.0],"glint_right_vert_distance":[-5.0,5.0],"glint_threshold":151,"max_glint_radius":20.0,"max_hor_glint_pupil_distance":400.0,"max_pupil_radius":90.0,"max_vert_glint_pupil_distance":200.0,"min_glint_radius":0.0,"min_pupil_radius":20.0,"pupil_threshold":26},"rkm38":{"alpha":-0.08730000257492065,"beta":0.026200000196695328,"glint_bottom_hor_distance":[-5.0,5.0],"glint_bottom_vert_distance":[30.0,50.0],"glint_right_hor_distance":[10.0,20.0],"glint_right_vert_distance":[-5.0,5.0],"glint_threshold":151,"max_glint_radius":20.0,"max_hor_glint_pupil_distance":400.0,"max_pupil_radius":90.0,"max_vert_glint_pupil_distance":200.0,"min_glint_radius":0.0,"min_pupil_radius":20.0,"pupil_threshold":16}},"led_positions":[[-53.6920166015625,-65.3182144165039,279.45159912109375],[-34.21810531616211,-64.00312042236328,283.81475830078125],[-14.74419116973877,-62.68803024291992,288.17791748046875],[-58.12984085083008,-13.682007789611816,283.6951599121094],[-38.65592956542969,-12.366914749145508,288.0583190917969],[-19.182016372680664,-11.0518217086792,292.4215087890625]]}