{
    "camera_params": {
        "left": {
            "capture_offset": [
                304,
                32
            ],
            "dimensions": [
                1280,
                1024
            ],
            "distortion_coefficients": [
                -0.34740474820137024,
                -0.6913232207298279,
                0.0,
                0.0,
                0.0
            ],
            "framerate": 180.0,
            "gamma": 1.0,
            "gaze_shift": [
                0.0,
                0.0,
                0.0
            ],
            "intrinsic_matrix": [
                5897.36474609375,
                0.0,
                928.5620727539063,
                0.0,
                5898.7841796875,
                472.1334533691406,
                0.0,
                0.0,
                1.0
            ],
            "pixel_clock": 200.0,
            "region_of_interest": [
                872,
                858
            ],
            "serial_number": "4103589293"
        },
        "right": {
            "capture_offset": [
                500,
                0
            ],
            "dimensions": [
                1280,
                1024
            ],
            "distortion_coefficients": [
                -0.06130969524383545,
                -19.082387924194336,
                0.0,
                0.0,
                0.0
            ],
            "framerate": 180.0,
            "gamma": 1.0,
            "gaze_shift": [
                0.0,
                0.0,
                0.0
            ],
            "intrinsic_matrix": [
                5752.55029296875,
                0.0,
                852.3740234375,
                0.0,
                5762.89892578125,
                387.4792785644531,
                0.0,
                0.0,
                1.0
            ],
            "pixel_clock": 160.0,
            "region_of_interest": [
                560,
                400
            ],
            "serial_number": "4103176841"
        }
    },
    "detection_params": {
        "left": {
            "max_glint_bottom_hor_distance": 5.0,
            "max_glint_bottom_vert_distance": 55.0,
            "max_glint_radius": 5.0,
            "max_glint_right_hor_distance": 20.0,
            "max_glint_right_vert_distance": 5.0,
            "max_hor_glint_pupil_distance": 400.0,
            "max_pupil_radius": 100.0,
            "max_vert_glint_pupil_distance": 200.0,
            "min_glint_bottom_hor_distance": -5.0,
            "min_glint_bottom_vert_distance": 35.0,
            "min_glint_radius": 0.0,
            "min_glint_right_hor_distance": 10.0,
            "min_glint_right_vert_distance": -5.0,
            "min_pupil_radius": 30.0,
            "pupil_search_centre": [
                443.0,
                433.0
            ],
            "pupil_search_radius": 700
        },
        "right": {
            "max_glint_bottom_hor_distance": 5.0,
            "max_glint_bottom_vert_distance": 55.0,
            "max_glint_radius": 5.0,
            "max_glint_right_hor_distance": 20.0,
            "max_glint_right_vert_distance": 5.0,
            "max_hor_glint_pupil_distance": 400.0,
            "max_pupil_radius": 90.0,
            "max_vert_glint_pupil_distance": 200.0,
            "min_glint_bottom_hor_distance": -5.0,
            "min_glint_bottom_vert_distance": 35.0,
            "min_glint_radius": 0.0,
            "min_glint_right_hor_distance": 10.0,
            "min_glint_right_vert_distance": -5.0,
            "min_pupil_radius": 10.0,
            "pupil_search_centre": [
                277.0,
                127.0
            ],
            "pupil_search_radius": 286
        }
    },
    "eye_params": {
        "alpha": -0.0872664600610733,
        "beta": 0.02617993950843811,
        "cornea_curvature_radius": 7.800000190734863,
        "cornea_refraction_index": 1.337499976158142,
        "eyeball_radius": 11.600000381469727,
        "pupil_cornea_distance": 4.199999809265137,
        "pupil_eye_centre_distance": 9.5
    },
    "features_params": {
        "left": {
            "aj577": {
                "exposure": 3.0,
                "glint_threshold": 114,
                "pupil_threshold": 22
            },
            "blender": {
                "exposure": 3.0,
                "glint_threshold": 74,
                "pupil_threshold": 11
            },
            "default": {
                "exposure": 3.0,
                "glint_threshold": 114,
                "pupil_threshold": 22
            },
            "dh706": {
                "exposure": 3.859999895095825,
                "glint_threshold": 164,
                "pupil_threshold": 15
            },
            "dh706_2": {
                "exposure": 3.0,
                "glint_threshold": 114,
                "pupil_threshold": 22
            },
            "jgm45": {
                "exposure": 4.900000095367432,
                "glint_threshold": 80,
                "pupil_threshold": 21
            },
            "mw861": {
                "exposure": 3.0,
                "glint_threshold": 114,
                "pupil_threshold": 22
            }
        },
        "right": {
            "aj577": {
                "exposure": 6.0,
                "glint_threshold": 213,
                "pupil_threshold": 21
            },
            "blender": {
                "exposure": 6.0,
                "glint_threshold": 213,
                "pupil_threshold": 21
            },
            "default": {
                "exposure": 6.0,
                "glint_threshold": 213,
                "pupil_threshold": 21
            },
            "dh706": {
                "exposure": 4.900000095367432,
                "glint_threshold": 162,
                "pupil_threshold": 20
            },
            "dh706_2": {
                "exposure": 6.0,
                "glint_threshold": 213,
                "pupil_threshold": 21
            },
            "jgm45": {
                "exposure": 6.0,
                "glint_threshold": 213,
                "pupil_threshold": 21
            },
            "mw861": {
                "exposure": 6.0,
                "glint_threshold": 213,
                "pupil_threshold": 21
            }
        }
    },
    "led_positions": {
        "left": [
            [
                -11.538399696350098,
                -16.39900016784668,
                257.6763000488281
            ],
            [
                29.510900497436523,
                15.170700073242188,
                260.3493957519531
            ]
        ],
        "right": [
            [
                -53.6920166015625,
                -65.3182144165039,
                279.45159912109375
            ],
            [
                -34.21810531616211,
                -64.00312042236328,
                283.81475830078125
            ]
        ]
    }
}